,RMSE,MAE,R2,MAPE
Hybrid,4.01803005357862,2.2031049658379547,0.653477890452201,5.198720444950423
MLP,0.4975064681972806,0.34246233035356577,0.9946874619824005,1.0030600850204143
