{"loss": [0.09818407148122787, 0.002338385209441185, 0.0006835090462118387, 0.0006393662770278752, 0.0006087166257202625, 0.0005913579370826483, 0.0005727440002374351, 0.0005625151679851115, 0.0005290330154821277, 0.0005249729729257524, 0.0005069667240604758, 0.0005070875049568713, 0.000517111795488745, 0.0005068915197625756, 0.000490883830934763, 0.0004950700676999986, 0.0004922256339341402, 0.0004914673627354205, 0.0004995075287297368, 0.0004983225371688604, 0.00047874549636617303, 0.00048520046402700245, 0.00047588255256414413, 0.0005022702971473336, 0.0004918145714327693, 0.0004779640876222402, 0.0004728533385787159, 0.0004647760943043977, 0.0004612618067767471, 0.00048670440446585417, 0.0004999265656806529, 0.0005001011886633933, 0.0004871321143582463, 0.00046264336560852826, 0.0004704123130068183, 0.0004689711786340922, 0.00045879249228164554, 0.0004589638556353748, 0.00045412956387735903, 0.000462819793028757, 0.0004594161291606724, 0.0004594609490595758, 0.0004557345528155565, 0.0004529742291197181, 0.00048127659829333425, 0.00047174456994980574, 0.0004781706666108221, 0.0004681483842432499, 0.00044856045860797167, 0.00046404809108935297, 0.00047400587936863303, 0.0004793942207470536, 0.00046433601528406143, 0.00046809876221232116, 0.0004641840059775859, 0.00045581755694001913, 0.0004415029543451965, 0.0004882086650468409, 0.000452027830760926, 0.0004710294306278229, 0.0004617560771293938, 0.00044641440035775304, 0.0004757209972012788, 0.0004581433313433081, 0.0004546019190456718, 0.00047474048915319145, 0.0004620238614734262, 0.0004502240917645395, 0.0004575369239319116, 0.00047338512376882136, 0.0004880728083662689, 0.0004671681672334671, 0.00046360763371922076, 0.000467027974082157, 0.00045238103484734893, 0.0004797170986421406, 0.00046655876212753356, 0.00046497612493112683, 0.0005120256682857871, 0.00045298313489183784, 0.0004528162535279989, 0.0004555308842100203, 0.0004978188662789762, 0.0005180228035897017, 0.0004872250137850642, 0.00046522155753336847, 0.00046707509318366647, 0.00045492633944377303, 0.00045651994878426194, 0.000459110684460029, 0.0005058926180936396, 0.00044808650272898376, 0.0004487137484829873], "mae": [0.22238534688949585, 0.03469713404774666, 0.01862855814397335, 0.017842667177319527, 0.01728137582540512, 0.017040031030774117, 0.016718363389372826, 0.016587208956480026, 0.01592235267162323, 0.015891918912529945, 0.015501775778830051, 0.015430987812578678, 0.015865502879023552, 0.01544789969921112, 0.015181845054030418, 0.015319589525461197, 0.015386288054287434, 0.01513202115893364, 0.01558284554630518, 0.015458250418305397, 0.015146062709391117, 0.015097279101610184, 0.01489260420203209, 0.015783675014972687, 0.015349982306361198, 0.015068566426634789, 0.014902343042194843, 0.014786073006689548, 0.014766031876206398, 0.015430254861712456, 0.015723437070846558, 0.015834107995033264, 0.015433283522725105, 0.014805389568209648, 0.014977292157709599, 0.01485089398920536, 0.014672189019620419, 0.014602294191718102, 0.014520405791699886, 0.014855899848043919, 0.014722896739840508, 0.01469182688742876, 0.014692018739879131, 0.01458974089473486, 0.01520776841789484, 0.015039347112178802, 0.01531920675188303, 0.01492499839514494, 0.014609778299927711, 0.014939221553504467, 0.01508398912847042, 0.01516160648316145, 0.014925215393304825, 0.014863203279674053, 0.014840568415820599, 0.014663107693195343, 0.014267101883888245, 0.015474586747586727, 0.014654439873993397, 0.01495708990842104, 0.014902588911354542, 0.014521785080432892, 0.015227166935801506, 0.014646087773144245, 0.014607260003685951, 0.015122530050575733, 0.014870231039822102, 0.014537611976265907, 0.014679511077702045, 0.015139126218855381, 0.01549435406923294, 0.014935154467821121, 0.014875899069011211, 0.015029387548565865, 0.014622489921748638, 0.01518701296299696, 0.014932017773389816, 0.014871856197714806, 0.015951715409755707, 0.014516904018819332, 0.014656306244432926, 0.014630163088440895, 0.01581902615725994, 0.015961110591888428, 0.015607744455337524, 0.014877897687256336, 0.01484980620443821, 0.014690748415887356, 0.014725296758115292, 0.01479419320821762, 0.015937870368361473, 0.014447761699557304, 0.014578556641936302], "val_loss": [0.0024877148680388927, 0.0003046928613912314, 0.0002831408055499196, 0.0002766875841189176, 0.0002651900867931545, 0.0002509379119146615, 0.00024310857406817377, 0.0002215066779172048, 0.0005009968299418688, 0.00021324287808965892, 0.00022225485008675605, 0.0002053863718174398, 0.0002699867472983897, 0.000205779739189893, 0.00020090020552743226, 0.00019912366406060755, 0.0001987653668038547, 0.00024128088261932135, 0.00020738205057568848, 0.0002225678035756573, 0.0001988415897358209, 0.0002106835163431242, 0.00023012312885839492, 0.00023507697915192693, 0.00024322984972968698, 0.00020294383284635842, 0.0002121025463566184, 0.00026046839775517583, 0.00020726547518279403, 0.00039706352981738746, 0.000221727677853778, 0.00020832187146879733, 0.00019962973601650447, 0.0001902686053654179, 0.0003825088788289577, 0.00019431188411545008, 0.00020249591034371406, 0.00019158783834427595, 0.00021666438260581344, 0.00021591027325484902, 0.00019058601174037904, 0.00022145514958538115, 0.00018986458599101752, 0.00023550214245915413, 0.00019585262634791434, 0.00022508164693135768, 0.00020491956092882901, 0.00018916447879746556, 0.00021363748237490654, 0.00027329701697453856, 0.0003124128852505237, 0.00019022283959202468, 0.00026744953356683254, 0.0002079528640024364, 0.0002427764848107472, 0.00019178964430466294, 0.00020158733241260052, 0.00032904642284847796, 0.00018991529941558838, 0.00019280897686257958, 0.0001931959268404171, 0.0002402744721621275, 0.00020997386309318244, 0.00018954860570374876, 0.00018762354739010334, 0.00019878041348420084, 0.00022594463371206075, 0.00019902430358342826, 0.00041674607200548053, 0.0004340668674558401, 0.00022654548229184002, 0.00028730640769936144, 0.00018754141638055444, 0.00030055889510549605, 0.00020950815815012902, 0.00019191173487342894, 0.0002793672902043909, 0.00019050481205340475, 0.00018786141299642622, 0.00021500542061403394, 0.00019147522107232362, 0.00024329370353370905, 0.00025180570082738996, 0.00025798429851420224, 0.00018958897271659225, 0.0003037449496332556, 0.00020261997997295111, 0.0001916568580782041, 0.0002146389160770923, 0.00022192341566551477, 0.00021705994731746614, 0.00020599445269908756, 0.00019050459377467632],